Z,Î¸,R,X,f,Re,Ri,Cm
+6.720158804E+02,-1.980908683E-02,671.8840352222182,13.311150337070252,1,668,973,4.73
+6.703691538E+02,-3.942434312E-02,669.8482509820954,26.422017764657582,2,668,973,4.73
+6.677785638E+02,-5.859074377E-02,666.6326914054371,39.10326099360589,3,668,973,4.73
+6.642562164E+02,-7.718791774E-02,662.2783878327471,51.22165592502013,4,668,973,4.73
+6.598914154E+02,-9.506910424E-02,656.9115670598496,62.64082679521462,5,668,973,4.73
+6.547800176E+02,-1.121171726E-01,650.6689490811854,73.25837938312608,6,668,973,4.73
+6.490374516E+02,-1.282379018E-01,643.7080637838961,83.00326619483006,7,668,973,4.73
+6.427624761E+02,-1.433536850E-01,636.1693045623548,91.82710174481637,8,668,973,4.73
+6.360754941E+02,-1.574357350E-01,628.208875776668,99.72784260162237,9,668,973,4.73
+6.520963356E+02,-1.767319364E-01,641.9389687273556,114.64724738172706,10,668,973,4.73
+6.218063954E+02,-1.823591321E-01,611.4959754412697,112.764645964377,11,668,973,4.73
+6.144062477E+02,-1.931978959E-01,602.9753815499633,117.96493740713791,12,668,973,4.73
+6.069354023E+02,-2.029704114E-01,594.4763084318297,122.34582656685495,13,668,973,4.73
+5.994704864E+02,-2.117244848E-01,586.0842952819377,125.97643783075908,14,668,973,4.73
+5.920563731E+02,-2.194867639E-01,577.8525405473924,128.9076813508433,15,668,973,4.73
+5.847217116E+02,-2.263208107E-01,569.8104750767747,131.2078599368729,16,668,973,4.73
+5.775473355E+02,-2.322859506E-01,562.0359769823835,132.9529440088006,17,668,973,4.73
+5.705537931E+02,-2.374170395E-01,554.549023437604,134.19020614485,18,668,973,4.73
+5.637632277E+02,-2.417809971E-01,547.3650956699137,134.98306911975416,19,668,973,4.73
+5.571857001E+02,-2.454392024E-01,540.4872347464358,135.38631198196651,20,668,973,4.73
+5.508387611E+02,-2.484396745E-01,533.9265088845519,135.44675647846793,21,668,973,4.73
+5.447299699E+02,-2.508390936E-01,527.682365261751,135.2111737210314,22,668,973,4.73
+5.388688456E+02,-2.526876313E-01,521.7565224900841,134.72105996217127,23,668,973,4.73
+5.332368658E+02,-2.540584632E-01,516.1201570796485,134.0206644674102,24,668,973,4.73
+5.278294908E+02,-2.549561473E-01,510.76706279902305,133.12016720935304,25,668,973,4.73
+5.226696154E+02,-2.554807672E-01,505.7047593122214,132.0841522339152,26,668,973,4.73
+5.177557941E+02,-2.556044156E-01,500.9342489736385,130.90431822265603,27,668,973,4.73
+5.130536261E+02,-2.554136225E-01,496.40959109987426,129.62075882517505,28,668,973,4.73
+5.085460616E+02,-2.549657409E-01,492.10575239136006,128.2615500927865,29,668,973,4.73
+5.042786697E+02,-2.542032960E-01,488.0731469152069,126.81316956329339,30,668,973,4.73
+5.002252613E+02,-2.532712457E-01,484.26703491167126,125.34253444266814,31,668,973,4.73
+4.963477940E+02,-2.521011703E-01,480.65846130936944,123.8086272453412,32,668,973,4.73
+4.926344435E+02,-2.507661918E-01,477.2261083378319,122.2453943642974,33,668,973,4.73
+4.891080185E+02,-2.492709726E-01,473.9909263482998,120.66174000269093,34,668,973,4.73
+4.857528240E+02,-2.476295268E-01,470.935499223299,119.06116745302434,35,668,973,4.73
+4.825549483E+02,-2.458802638E-01,468.0413533139886,117.45880008252126,36,668,973,4.73
+4.795085776E+02,-2.440254550E-01,465.30229507473143,115.85443534954894,37,668,973,4.73
+4.766043079E+02,-2.420848893E-01,462.7066599506661,114.25503553951837,38,668,973,4.73
+4.738386219E+02,-2.400730056E-01,460.249223359743,112.66628599916042,39,668,973,4.73
+4.712050542E+02,-2.379969822E-01,457.92279614534993,111.08967492098105,40,668,973,4.73
+4.686957879E+02,-2.358787179E-01,455.71730278570874,109.53301573918473,41,668,973,4.73
+4.663029702E+02,-2.337089868E-01,453.6261202136415,107.98982858242219,42,668,973,4.73
+4.640193268E+02,-2.315110292E-01,451.63966372191317,106.46853900135186,43,668,973,4.73
+4.618373338E+02,-2.292863076E-01,449.7505209757571,104.967574867326,44,668,973,4.73
+4.597549900E+02,-2.270442233E-01,447.95583398495904,103.49020064112325,45,668,973,4.73
+4.577687120E+02,-2.247930899E-01,446.2513652646355,102.03878030233285,46,668,973,4.73
+4.558646956E+02,-2.225364025E-01,444.6234335364083,100.61124710873908,47,668,973,4.73
+4.540510379E+02,-2.202768902E-01,443.0797964403957,99.21007511540724,48,668,973,4.73
+4.523142975E+02,-2.180160469E-01,441.60733317669394,97.83244353222989,49,668,973,4.73
+4.506507994E+02,-2.157690005E-01,440.20112717208605,96.48373249560746,50,668,973,4.73
+4.490610970E+02,-2.135236393E-01,438.8630574038341,95.15821396496699,51,668,973,4.73
+4.475390840E+02,-2.112949709E-01,437.58587977299953,93.86069214985066,52,668,973,4.73
+4.460757602E+02,-2.090792710E-01,436.361316432466,92.587177078325,53,668,973,4.73
+4.446788040E+02,-2.068807822E-01,435.1966455491315,91.34067237356,54,668,973,4.73
+4.433384579E+02,-2.047053794E-01,434.0819574872069,90.12126517767445,55,668,973,4.73
+4.420542819E+02,-2.025416286E-01,433.0180156720951,88.92348536537405,56,668,973,4.73
+4.408220378E+02,-2.004105421E-01,431.99895523420565,87.75518039807909,57,668,973,4.73
+4.396373863E+02,-1.982956890E-01,431.0221415600754,86.60799569128562,58,668,973,4.73
+4.385034190E+02,-1.962094887E-01,430.08967569326137,85.48753907298298,59,668,973,4.73
+4.374106202E+02,-1.941450374E-01,429.1929755564209,84.38862717673591,60,668,973,4.73
+4.363594690E+02,-1.921102785E-01,428.33198376553946,83.31445174421789,61,668,973,4.73
+4.353508596E+02,-1.900944322E-01,427.50862177861313,82.26025321751462,62,668,973,4.73
+4.343814442E+02,-1.881087874E-01,426.71880395417105,81.22992931918253,63,668,973,4.73
+4.334473344E+02,-1.861513642E-01,425.95901577199277,80.22162165539055,64,668,973,4.73
+4.325474912E+02,-1.842217666E-01,425.22840107934144,79.23470867568604,65,668,973,4.73
+4.316835240E+02,-1.823166079E-01,424.5289358949632,78.26779338239211,66,668,973,4.73
+4.308515437E+02,-1.804395656E-01,423.8566268802989,77.32148833492595,67,668,973,4.73
+4.300485305E+02,-1.785886210E-01,423.2087769352099,76.39417327396883,68,668,973,4.73
+4.292740706E+02,-1.767683665E-01,422.58474100345404,75.48751128854009,69,668,973,4.73
+4.285248482E+02,-1.749757916E-01,421.9815966596693,74.59944775525624,70,668,973,4.73
+4.278080494E+02,-1.732068706E-01,421.4068234633574,73.72934470043532,71,668,973,4.73
+4.271119177E+02,-1.714687793E-01,420.84841212825773,72.87800937522715,72,668,973,4.73
+4.264394462E+02,-1.697522302E-01,420.31008488978387,72.0418893096605,73,668,973,4.73
+4.257909536E+02,-1.680678313E-01,419.79148064001294,71.22533923866588,74,668,973,4.73
+4.251635806E+02,-1.664037932E-01,419.2907140817553,70.42277581453615,75,668,973,4.73
+4.245601418E+02,-1.647709475E-01,418.80987880827666,69.63906531418066,76,668,973,4.73
+4.239758123E+02,-1.631594533E-01,418.3449888841325,68.86914905078986,77,668,973,4.73
+4.234085405E+02,-1.615785292E-01,417.8934601090748,68.11643095762787,78,668,973,4.73
+4.228612013E+02,-1.600156397E-01,417.4590613147125,67.37601718058272,79,668,973,4.73
+4.223332975E+02,-1.584815644E-01,417.04064179561516,66.65221127558279,80,668,973,4.73
+4.218213813E+02,-1.569723859E-01,416.635134664096,65.94271972909979,81,668,973,4.73
+4.213253308E+02,-1.554835435E-01,416.24278465089344,65.24552551554315,82,668,973,4.73
+4.208407444E+02,-1.540205700E-01,415.85894165845934,64.56216221481614,83,668,973,4.73
+4.203773940E+02,-1.525803884E-01,415.49352431557674,63.89275888590555,84,668,973,4.73
+4.199262409E+02,-1.511640570E-01,415.1375925124693,63.23627977162928,85,668,973,4.73
+4.194881417E+02,-1.497656702E-01,414.7924202172209,62.59032798491877,86,668,973,4.73
+4.190614705E+02,-1.483952591E-01,414.45582325616846,61.95874939565839,87,668,973,4.73
+4.186492092E+02,-1.470408708E-01,414.1315467339046,61.33695756694414,88,668,973,4.73
+4.182524153E+02,-1.457115479E-01,413.8201284140676,60.72877591099852,89,668,973,4.73
+4.178618413E+02,-1.443980534E-01,413.513029148553,60.12897087938813,90,668,973,4.73
+4.174860481E+02,-1.431116519E-01,413.218085515288,59.54338049889042,91,668,973,4.73
+4.171205566E+02,-1.418418335E-01,412.9315406516427,58.966952383132146,92,668,973,4.73
+4.167684689E+02,-1.405904327E-01,412.65639479454927,58.40082623058845,93,668,973,4.73
+4.164217719E+02,-1.393555913E-01,412.384859898263,57.843058693551626,94,668,973,4.73
+4.160889263E+02,-1.381465716E-01,412.1248173252006,57.29859975738447,95,668,973,4.73
+4.157604254E+02,-1.369525805E-01,411.8675125323925,56.76163712551374,96,668,973,4.73
+4.154470630E+02,-1.357768468E-01,411.62348605253044,56.234934740677545,97,668,973,4.73
+4.151385804E+02,-1.346199498E-01,411.38257702857896,55.7172886441237,98,668,973,4.73
+4.148382494E+02,-1.334813313E-01,411.1480916500409,55.20887517225995,99,668,973,4.73
+4.145436333E+02,-1.323591120E-01,410.9177500219807,54.70856081490271,100,668,973,4.73
+4.142604156E+02,-1.312567355E-01,410.6970282444385,54.21847401275324,101,668,973,4.73
+4.139835344E+02,-1.301661071E-01,410.48137730324925,53.7345851528,102,668,973,4.73
+4.137178237E+02,-1.290929188E-01,410.27530849674196,53.25982430470012,103,668,973,4.73
+4.134540097E+02,-1.280360564E-01,410.06971309144853,52.79250460155084,104,668,973,4.73
+4.131982413E+02,-1.269965055E-01,409.8706633632245,52.33379336149201,105,668,973,4.73
+4.129502079E+02,-1.259681591E-01,409.6781957967254,51.88111499758998,106,668,973,4.73
+4.127048867E+02,-1.249618759E-01,409.4867871728525,51.43826043826542,107,668,973,4.73
+4.124699687E+02,-1.239640309E-01,409.3047954051165,51.00058370013692,108,668,973,4.73
+4.122397059E+02,-1.229840487E-01,409.1260548977692,50.57120054246283,109,668,973,4.73
+4.120124417E+02,-1.220152418E-01,408.949282043005,50.147151784589894,110,668,973,4.73
+4.117955722E+02,-1.210606628E-01,408.78168287765556,49.73056431649716,111,668,973,4.73
+4.115806649E+02,-1.201204340E-01,408.6149015685226,49.32044135723703,112,668,973,4.73
+4.113728855E+02,-1.191950098E-01,408.45406378213096,48.91757050855072,113,668,973,4.73
+4.111687651E+02,-1.182816712E-01,408.29587753243305,48.52040585031624,114,668,973,4.73
+4.109713980E+02,-1.173797941E-01,408.14346192224224,48.12903971825767,115,668,973,4.73
+4.107770810E+02,-1.164946994E-01,407.9929008553461,47.74518956418875,116,668,973,4.73
+4.105892956E+02,-1.156214870E-01,407.84790538509645,47.36724326255007,117,668,973,4.73
+4.104035514E+02,-1.147510043E-01,407.7044606035887,46.99093322832877,118,668,973,4.73
+4.102225329E+02,-1.139005928E-01,407.56442924174644,46.623626153925656,119,668,973,4.73
+4.100461512E+02,-1.130603661E-01,407.428204198463,46.26126389917156,120,668,973,4.73
+4.098738076E+02,-1.122322179E-01,407.29511635061533,45.90453521669266,121,668,973,4.73
+4.097043654E+02,-1.114141536E-01,407.16414128624444,45.55248707207799,122,668,973,4.73
+4.095395622E+02,-1.106085556E-01,407.03691004701795,45.20627021048607,123,668,973,4.73
+4.093805829E+02,-1.098124208E-01,406.9147496162615,44.86477683304562,124,668,973,4.73
+4.092235822E+02,-1.090287001E-01,406.79371762961347,44.5287718860342,125,668,973,4.73
+4.090696436E+02,-1.082475920E-01,406.6753377226121,44.1943775069911,126,668,973,4.73
+4.089192929E+02,-1.074848492E-01,406.55944532995153,43.86804667224358,127,668,973,4.73
+4.087724717E+02,-1.067306981E-01,406.446427107419,43.54578637871644,128,668,973,4.73
+4.086247293E+02,-1.059920412E-01,406.33156833415944,43.229919854200844,129,668,973,4.73
+4.084834434E+02,-1.052517277E-01,406.2229566318526,42.914252145377404,130,668,973,4.73
+4.083465355E+02,-1.045307873E-01,406.1176290730225,42.607093434775585,131,668,973,4.73
+4.082118205E+02,-1.038144004E-01,406.01405831112294,42.30218492768736,132,668,973,4.73
+4.080780704E+02,-1.031087263E-01,405.91076901868246,42.001894434051096,133,668,973,4.73
+4.079503980E+02,-1.024128027E-01,405.8128973861234,41.706348958379216,134,668,973,4.73
+4.078245105E+02,-1.017243137E-01,405.71627883535933,41.414157634238144,135,668,973,4.73
+4.076994277E+02,-1.010443225E-01,405.61990149854205,41.12564717084193,136,668,973,4.73
+4.075782030E+02,-1.003724757E-01,405.52682552167795,40.84097627407741,137,668,973,4.73
+4.074587512E+02,-9.970615813E-02,405.4350900194509,40.55886722263338,138,668,973,4.73
+4.073420985E+02,-9.905341381E-02,405.34539732069385,40.28267718650989,139,668,973,4.73
+4.072289897E+02,-9.840697108E-02,405.2587914953038,40.009523464403074,140,668,973,4.73
+4.071155041E+02,-9.776826396E-02,405.1713195507889,39.73959602297946,141,668,973,4.73
+4.070049217E+02,-9.713721986E-02,405.08625521148804,39.47318237431972,142,668,973,4.73
+4.068965658E+02,-9.651265657E-02,405.0029780620204,39.20973119938887,143,668,973,4.73
+4.067917049E+02,-9.589591489E-02,404.92270419286035,38.949901214123386,144,668,973,4.73
+4.066877832E+02,-9.528824476E-02,404.84284786128035,38.693947067964345,145,668,973,4.73
+4.065860546E+02,-9.469059918E-02,404.7646279498046,38.44236927987717,146,668,973,4.73
+4.064845251E+02,-9.409685599E-02,404.686301148024,38.19249676184295,147,668,973,4.73
+4.063868439E+02,-9.350889282E-02,404.6114325249018,37.94542877804695,148,668,973,4.73
+4.062907759E+02,-9.293199148E-02,404.53760250219585,37.70308665347433,149,668,973,4.73
+4.061972648E+02,-9.235504837E-02,404.46617512516684,37.46106125858142,150,668,973,4.73
+4.061038817E+02,-9.179105136E-02,404.3942487497797,37.22437789821142,151,668,973,4.73
+4.060132288E+02,-9.122959896E-02,404.32480880984207,36.98906516101427,152,668,973,4.73
+4.059234521E+02,-9.068014195E-02,404.2556638355494,36.75877067667357,153,668,973,4.73
+4.058361102E+02,-9.013243145E-02,404.188748999891,36.52948841921612,154,668,973,4.73
+4.057523772E+02,-8.959040801E-02,404.12509227900495,36.30291164544272,155,668,973,4.73
+4.056675993E+02,-8.905518634E-02,404.0600225570595,36.07907001315224,156,668,973,4.73
+4.055862199E+02,-8.852710833E-02,403.99795805925385,35.85849490322385,157,668,973,4.73
+4.055044607E+02,-8.800739898E-02,403.93509671456144,35.641342424153216,158,668,973,4.73
+4.054246543E+02,-8.748715870E-02,403.87408293763497,35.424221170815066,159,668,973,4.73
+4.053438198E+02,-8.697582112E-02,403.81161492813237,35.21067876637133,160,668,973,4.73
+4.052680278E+02,-8.647187305E-02,403.75379919070446,35.00062850826916,161,668,973,4.73
+4.051930625E+02,-8.597258150E-02,403.6965359560707,34.79259626986488,162,668,973,4.73
+4.051192538E+02,-8.547634363E-02,403.6402124203169,34.58596126682447,163,668,973,4.73
+4.050452259E+02,-8.499100946E-02,403.5831899382021,34.38377267966835,164,668,973,4.73
+4.049708742E+02,-8.450616907E-02,403.52572676978343,34.18181951316129,165,668,973,4.73
+4.049032729E+02,-8.402726945E-02,403.47468736813727,33.98289361304872,166,668,973,4.73
+4.048302606E+02,-8.355207326E-02,403.41803275385195,33.78506691536852,167,668,973,4.73
+4.047642409E+02,-8.308778674E-02,403.36788327871983,33.59228260476354,168,668,973,4.73
+4.046978828E+02,-8.263020009E-02,403.317080737937,33.40222639033206,169,668,973,4.73
+4.046292493E+02,-8.217262899E-02,403.2639204974022,33.212043209451544,170,668,973,4.73
+4.045635541E+02,-8.172267064E-02,403.21334776389443,33.02522507200097,171,668,973,4.73
+4.045012091E+02,-8.127090341E-02,403.1660871110068,32.83800187225137,172,668,973,4.73
+4.044382729E+02,-8.082785133E-02,403.1178657594405,32.654293621031925,173,668,973,4.73
+4.043763882E+02,-8.038515054E-02,403.0705974730102,32.47086057417802,174,668,973,4.73
+4.043133360E+02,-7.995216662E-02,403.0217682687265,32.291298657654536,175,668,973,4.73
+4.042555571E+02,-7.952030171E-02,402.9780798493986,32.11265493731503,176,668,973,4.73
+4.041979927E+02,-7.909627522E-02,402.9342758118667,31.937230291240898,177,668,973,4.73
+4.041367050E+02,-7.867314427E-02,402.8866552426074,31.761916750747876,178,668,973,4.73
+4.040814034E+02,-7.825576397E-02,402.84474459398757,31.589433782808708,179,668,973,4.73
+4.040254284E+02,-7.784330562E-02,402.8019341598801,31.418921542013205,180,668,973,4.73
+4.039703547E+02,-7.743906391E-02,402.7596934376123,31.25182904222282,181,668,973,4.73
+4.039150093E+02,-7.703191495E-02,402.71720293045297,31.083584119137182,182,668,973,4.73
+4.038630657E+02,-7.663098302E-02,402.67784180359666,30.918142845263304,183,668,973,4.73
+4.038087836E+02,-7.623604127E-02,402.63589682968797,30.754971901540365,184,668,973,4.73
+4.037573511E+02,-7.584478654E-02,402.5966143998745,30.593539204339287,185,668,973,4.73
+4.037086884E+02,-7.545250908E-02,402.5600603339565,30.431939037294338,186,668,973,4.73
+4.036594799E+02,-7.506778790E-02,402.5226684377319,30.273372902705404,187,668,973,4.73
+4.036084285E+02,-7.468503600E-02,402.48331705633456,30.115495140702667,188,668,973,4.73
+4.035606224E+02,-7.430724991E-02,402.446991371127,29.95989132496011,189,668,973,4.73
+4.035134373E+02,-7.393358937E-02,402.4111019070598,29.80602529031689,190,668,973,4.73
+4.034663589E+02,-7.356203701E-02,402.37519755115216,29.65304638135634,191,668,973,4.73
+4.034203121E+02,-7.319427960E-02,402.3401519592869,29.50170056520959,192,668,973,4.73
+4.033741874E+02,-7.283044358E-02,402.30485668509624,29.351956462806314,193,668,973,4.73
+4.033289870E+02,-7.246797445E-02,402.2703876702451,29.20285873124141,194,668,973,4.73
+4.032837319E+02,-7.211529960E-02,402.23552429296745,29.057725512377452,195,668,973,4.73
+4.032394219E+02,-7.176003227E-02,402.20162620752853,28.911645582113326,196,668,973,4.73
+4.031978289E+02,-7.141297166E-02,402.1701490910572,28.76908774623277,197,668,973,4.73
+4.031534244E+02,-7.106437603E-02,402.13586101089675,28.625738321853873,198,668,973,4.73
+4.031111629E+02,-7.072293752E-02,402.10345564593933,28.485445620253852,199,668,973,4.73
+4.030696436E+02,-7.038223653E-02,402.071720821548,28.34552711505237,200,668,973,4.73
+4.030288808E+02,-7.004366839E-02,402.0406318219686,28.206543976405687,201,668,973,4.73
+9.882891767E+02,-3.011082176E-02,987.8411886326204,29.753702681439286,1,998,668,4.87
+9.849587539E+02,-5.993928223E-02,983.1899442619232,59.00237610874044,2,998,668,4.87
+9.796066415E+02,-8.916616218E-02,975.7149884662414,87.23206608370545,3,998,668,4.87
+9.723943771E+02,-1.176296758E-01,965.6747462201107,114.11883774566753,4,998,668,4.87
+9.634308002E+02,-1.451207081E-01,953.3036561637862,139.3235296666368,5,998,668,4.87
+9.530000759E+02,-1.715181893E-01,939.0164964501289,162.65658320501754,6,998,668,4.87
+9.412707067E+02,-1.966703333E-01,923.1254984880568,183.92894642414012,7,998,668,4.87
+9.284414225E+02,-2.204930710E-01,905.9636031315906,203.0601507303915,8,998,668,4.87
+9.147591520E+02,-2.429147154E-01,887.9027511349424,220.02956777387826,9,998,668,4.87
+9.472764489E+02,-2.779525605E-01,910.9192636077158,259.9206914213852,10,998,668,4.87
+8.856201908E+02,-2.833734042E-01,850.2996316836626,247.61595003403178,11,998,668,4.87
+8.705057245E+02,-3.014113207E-01,831.2619893838398,258.42546583665245,12,998,668,4.87
+8.552498182E+02,-3.179948027E-01,812.3712504992914,267.4045678243935,13,998,668,4.87
+8.399663098E+02,-3.331623470E-01,793.7789801179609,274.6968007129304,14,998,668,4.87
+8.247854999E+02,-3.469536035E-01,775.6389691826517,280.4555407378616,15,998,668,4.87
+8.098071940E+02,-3.594339190E-01,758.0573475236549,284.8451321675593,16,998,668,4.87
+7.951071997E+02,-3.706891692E-01,741.101856923464,288.03384641282906,17,998,668,4.87
+7.807250682E+02,-3.807415798E-01,724.8168098009959,290.124498010426,18,998,668,4.87
+7.667335228E+02,-3.896638012E-01,709.2567446812054,291.2647680539434,19,998,668,4.87
+7.531569434E+02,-3.975629203E-01,694.4162008745305,291.601648408603,20,998,668,4.87
+7.400117740E+02,-4.044618156E-01,680.3034199188974,291.2124353548099,21,998,668,4.87
+7.273249890E+02,-4.104423218E-01,666.9165898338778,290.2135452183466,22,998,668,4.87
+7.151109073E+02,-4.155951225E-01,654.2379573552417,288.7149197652767,23,998,668,4.87
+7.033545072E+02,-4.199462030E-01,642.2406497015937,286.76560231211397,24,998,668,4.87
+6.920655780E+02,-4.235814590E-01,630.9026977620604,284.4583452968613,25,998,668,4.87
+6.812163605E+02,-4.265504262E-01,620.178261001428,281.8415412853656,26,998,668,4.87
+6.708351824E+02,-4.289056648E-01,610.07187188922,278.9841448455888,27,998,668,4.87
+6.608908424E+02,-4.306995120E-01,600.534273238015,275.9262441933911,28,998,668,4.87
+6.513698109E+02,-4.319703719E-01,591.5366705208422,272.7031315937135,29,998,668,4.87
+6.422675804E+02,-4.327773570E-01,583.053365249274,269.3629857726692,30,998,668,4.87
+6.335859669E+02,-4.331708979E-01,575.0675409113653,265.9483048315274,31,998,668,4.87
+6.252636791E+02,-4.331622898E-01,567.5161644273043,262.45013148289456,32,998,668,4.87
+6.173110788E+02,-4.327952276E-01,560.3931154076059,258.90640048669616,33,998,668,4.87
+6.097112721E+02,-4.321033296E-01,553.6708329959588,255.33594344580897,34,998,668,4.87
+6.024464502E+02,-4.311188342E-01,547.3218599279905,251.75485497512483,35,998,668,4.87
+5.955018122E+02,-4.298750441E-01,541.3217669002751,248.17967888900247,36,998,668,4.87
+5.888642129E+02,-4.283922185E-01,535.6513874356797,244.61940309911606,37,998,668,4.87
+5.825134297E+02,-4.266937970E-01,530.2847156367025,241.08093276524053,38,998,668,4.87
+5.764455572E+02,-4.248096718E-01,525.2094578346682,237.5805249102553,39,998,668,4.87
+5.706388315E+02,-4.227495877E-01,520.4022522331751,234.1157232787329,40,998,668,4.87
+5.650877067E+02,-4.205386768E-01,515.8511383051189,230.69832980058257,41,998,668,4.87
+5.597745120E+02,-4.181892287E-01,511.53639341688995,227.32800640237647,42,998,668,4.87
+5.546901640E+02,-4.157210605E-01,507.44462802103067,224.01144508918435,43,998,668,4.87
+5.498202338E+02,-4.131455628E-01,503.55969921703627,220.7485420570986,44,998,668,4.87
+5.451616797E+02,-4.104798683E-01,499.8747921770484,217.54642989320268,45,998,668,4.87
+5.406967237E+02,-4.077234889E-01,496.37358780625584,214.39731422818565,46,998,668,4.87
+5.364201350E+02,-4.049081655E-01,493.04443999035607,211.31431903213362,47,998,668,4.87
+5.323205416E+02,-4.020270652E-01,489.87847888652107,208.28882575199668,48,998,668,4.87
+5.283881894E+02,-3.990981944E-01,486.86311220196194,205.3250804807588,49,998,668,4.87
+5.246137311E+02,-3.961197570E-01,483.9903162182953,202.4177380210975,50,998,668,4.87
+5.209957161E+02,-3.931129867E-01,481.2547145014425,199.57563970757263,51,998,668,4.87
+5.175187513E+02,-3.900734857E-01,478.64332177901815,196.78980782413117,52,998,668,4.87
+5.141831739E+02,-3.870151117E-01,476.1540618549746,194.0660859111831,53,998,668,4.87
+5.109773216E+02,-3.839378212E-01,473.7765480543865,191.39907445747846,54,998,668,4.87
+5.078931264E+02,-3.808520120E-01,471.5017051639753,188.7897504416754,55,998,668,4.87
+5.049351670E+02,-3.777600506E-01,469.3337780304248,186.23997334891843,56,998,668,4.87
+5.020898870E+02,-3.746599808E-01,467.2609698503115,183.74286566345654,57,998,668,4.87
+4.993519732E+02,-3.715681899E-01,465.2757540064315,181.30324286255922,58,998,668,4.87
+4.967156774E+02,-3.684735231E-01,463.3752552445772,178.9129313436115,59,998,668,4.87
+4.941817196E+02,-3.653900613E-01,461.55804553407495,176.57786551427628,60,998,668,4.87
+4.917395244E+02,-3.623232127E-01,459.8137738083962,174.29587853193553,61,998,668,4.87
+4.893858923E+02,-3.592619452E-01,458.1418165997343,172.05995311217163,62,998,668,4.87
+4.871186004E+02,-3.562206056E-01,456.53803493567784,169.875111516445,63,998,668,4.87
+4.849354091E+02,-3.532003805E-01,455.0005890239937,167.74032009866656,64,998,668,4.87
+4.828263782E+02,-3.501955848E-01,453.52153500891086,165.64881155290772,65,998,668,4.87
+4.807956214E+02,-3.472101683E-01,452.1044711424393,163.6031073373222,66,998,668,4.87
+4.788328400E+02,-3.442501776E-01,450.7391309343372,161.60174660882853,67,998,668,4.87
+4.769396143E+02,-3.413143279E-01,449.4276101872928,159.64403806585307,68,998,668,4.87
+4.751110185E+02,-3.384050978E-01,448.16526126103764,157.72881315388514,69,998,668,4.87
+4.733405595E+02,-3.355176547E-01,446.94708715649597,155.85116794588558,70,998,668,4.87
+4.716326386E+02,-3.326582892E-01,445.77660630960025,154.01481441697058,71,998,668,4.87
+4.699819774E+02,-3.298287711E-01,444.64892199717025,152.21824873374584,72,998,668,4.87
+4.683863289E+02,-3.270257274E-01,443.56276678653137,150.4587153377835,73,998,668,4.87
+4.668394097E+02,-3.242496085E-01,442.5124389587805,148.73390943492345,74,998,668,4.87
+4.653445010E+02,-3.215082614E-01,441.5001975697721,147.04788389089842,75,998,668,4.87
+4.639016047E+02,-3.187927566E-01,440.52768328441044,145.3962141986689,76,998,668,4.87
+4.625000792E+02,-3.161021895E-01,439.58520058742005,143.77473590490087,77,998,668,4.87
+4.611460050E+02,-3.134493334E-01,438.67696917861065,142.19055749144647,78,998,668,4.87
+4.598331565E+02,-3.108188915E-01,437.7995337791624,140.63463314383657,79,998,668,4.87
+4.585582686E+02,-3.082229100E-01,436.9483353185622,139.11088369989992,80,998,668,4.87
+4.573261302E+02,-3.056602073E-01,436.12837302593476,137.61988085105455,81,998,668,4.87
+4.561303038E+02,-3.031279481E-01,435.3341579432885,136.15808816404632,82,998,668,4.87
+4.549713980E+02,-3.006174408E-01,434.5676782544928,134.7215870399916,83,998,668,4.87
+4.538483048E+02,-2.981444520E-01,433.8259681368761,133.31658989014028,84,998,668,4.87
+4.527577521E+02,-2.956972945E-01,433.10769368714585,131.9367566512323,85,998,668,4.87
+4.516986486E+02,-2.932878659E-01,432.410450186301,130.5866444807692,86,998,668,4.87
+4.506684511E+02,-2.909013289E-01,431.7339538162522,129.25883311812507,87,998,668,4.87
+4.496696842E+02,-2.885451373E-01,431.0798369361261,127.95702042346345,88,998,668,4.87
+4.486985963E+02,-2.862198193E-01,430.4446299044255,126.68011251981336,89,998,668,4.87
+4.477563995E+02,-2.839219891E-01,429.83010747418757,125.42675951300002,90,998,668,4.87
+4.468430797E+02,-2.816536431E-01,429.2361803169091,124.19758203254378,91,998,668,4.87
+4.459541610E+02,-2.794119817E-01,428.65906608969294,122.98991329505924,92,998,668,4.87
+4.450881281E+02,-2.772028641E-01,428.09674726147637,121.80565159181094,93,998,668,4.87
+4.442469209E+02,-2.750179761E-01,427.5522620469576,120.641576364289,94,998,668,4.87
+4.434287430E+02,-2.728621261E-01,427.0234452166476,119.49906842258136,95,998,668,4.87
+4.426320504E+02,-2.707316049E-01,426.5093977000602,118.37595074524216,96,998,668,4.87
+4.418602055E+02,-2.686338246E-01,426.01262357097585,117.27610908738514,97,998,668,4.87
+4.411055848E+02,-2.665563301E-01,425.5273742356899,116.19204240320894,98,998,668,4.87
+4.403723839E+02,-2.645105958E-01,425.0564811077668,115.12959814944053,99,998,668,4.87
+4.396541062E+02,-2.624850018E-01,424.59513940238236,114.08199110461031,100,998,668,4.87
+4.389580894E+02,-2.604909662E-01,424.1492429412531,113.05584444008319,101,998,668,4.87
+4.382809163E+02,-2.585178545E-01,423.7168183614772,112.04561316889914,102,998,668,4.87
+4.376194660E+02,-2.565768042E-01,423.29370888698116,111.05509010769735,103,998,668,4.87
+4.369732892E+02,-2.546547257E-01,422.8810456390336,110.07850250391512,104,998,668,4.87
+4.363462986E+02,-2.527590684E-01,422.48188813377135,109.11987216288279,105,998,668,4.87
+4.357327243E+02,-2.508904826E-01,422.09068593801584,108.17790842068948,106,998,668,4.87
+4.351356847E+02,-2.490390868E-01,421.7116218020251,107.24911252054055,107,998,668,4.87
+4.345538567E+02,-2.472136616E-01,421.34255504581614,106.33675601741645,108,998,668,4.87
+4.339841353E+02,-2.454106583E-01,420.980944409847,105.43848507960463,109,998,668,4.87
+4.334304828E+02,-2.436300583E-01,420.6307182863167,104.55516368969228,110,998,668,4.87
+4.328894451E+02,-2.418756289E-01,420.28821716777765,103.68744470241748,111,998,668,4.87
+4.323612076E+02,-2.401422348E-01,419.9542375934433,102.83312775871448,112,998,668,4.87
+4.318455556E+02,-2.384311385E-01,419.62851605937664,101.99260954244781,113,998,668,4.87
+4.313417977E+02,-2.367388269E-01,419.31081127894424,101.1641734393223,114,998,668,4.87
+4.308513799E+02,-2.350663293E-01,419.00249081074264,100.34851397069929,115,998,668,4.87
+4.303695177E+02,-2.334180772E-01,418.69852642293955,99.54629946205748,116,998,668,4.87
+4.299036173E+02,-2.317861531E-01,418.40697969867375,98.75585808982926,117,998,668,4.87
+4.294420498E+02,-2.301804792E-01,418.1156162032217,97.97859778250503,118,998,668,4.87
+4.289960017E+02,-2.285927979E-01,417.83620323442614,97.21356253746585,119,998,668,4.87
+4.285593795E+02,-2.270243082E-01,417.5627489902688,96.45979687473314,120,998,668,4.87
+4.281342340E+02,-2.254711151E-01,417.2976813595046,95.71607730547709,121,998,668,4.87
+4.277127020E+02,-2.239381674E-01,417.03291219331913,94.98265946845345,122,998,668,4.87
+4.273036534E+02,-2.224257141E-01,416.7771202147671,94.26157368977512,123,998,668,4.87
+4.269032303E+02,-2.209313910E-01,416.5268217538465,93.55092089452798,124,998,668,4.87
+4.265125504E+02,-2.194575767E-01,416.2829363063869,92.85188521966141,125,998,668,4.87
+4.261265974E+02,-2.179925800E-01,416.0416983798725,92.15846255712407,126,998,668,4.87
+4.257551608E+02,-2.165551397E-01,415.8109796882428,91.48052316497528,127,998,668,4.87
+4.253853498E+02,-2.151290236E-01,415.57973221676866,90.80849076549609,128,998,668,4.87
+4.250258089E+02,-2.137268483E-01,415.35529271600785,90.14942619838884,129,998,668,4.87
+4.246725026E+02,-2.123365021E-01,415.1348586770755,89.49739423978511,130,998,668,4.87
+4.243317562E+02,-2.109604347E-01,414.9244279051522,88.85470413747609,131,998,668,4.87
+4.239953825E+02,-2.096021445E-01,414.71572383481146,88.22104502605774,132,998,668,4.87
+4.236658515E+02,-2.082640111E-01,414.51099375969216,87.59788684421831,133,998,668,4.87
+4.233388153E+02,-2.069372227E-01,414.30679392505914,86.98064754384222,134,998,668,4.87
+4.230227975E+02,-2.056271425E-01,414.11102968422665,86.37327305709545,135,998,668,4.87
+4.227116801E+02,-2.043283060E-01,413.9182197348523,85.77220916179823,136,998,668,4.87
+4.224090191E+02,-2.030495055E-01,413.7311236159313,85.181786600911,137,998,668,4.87
+4.221105293E+02,-2.017843212E-01,413.54612951882063,84.59844978443158,138,998,668,4.87
+4.218206211E+02,-2.005349758E-01,413.3674009464252,84.02397407875375,139,998,668,4.87
+4.215340827E+02,-1.992948841E-01,413.19041372975585,83.45456775733497,140,998,668,4.87
+4.212531123E+02,-1.980743297E-01,413.01649008946447,82.89489451477506,141,998,668,4.87
+4.209770954E+02,-1.968685716E-01,412.84545569592905,82.3428476714366,142,998,668,4.87
+4.207066444E+02,-1.956717221E-01,412.6784219162675,81.7960923700342,143,998,668,4.87
+4.204434881E+02,-1.944930724E-01,412.5163494938046,81.25877236335823,144,998,668,4.87
+4.201818685E+02,-1.933269774E-01,412.35407870489377,80.72742032041886,145,998,668,4.87
+4.199261247E+02,-1.921695141E-01,412.19620537329183,80.20123740578444,146,998,668,4.87
+4.196783016E+02,-1.910283221E-01,412.0441468825369,79.68373644416374,147,998,668,4.87
+4.194297058E+02,-1.898993511E-01,411.8897180477662,79.1715749117459,148,998,668,4.87
+4.191896595E+02,-1.887836168E-01,411.7420146446319,78.66691813021319,149,998,668,4.87
+4.189543191E+02,-1.876789044E-01,411.5974598935209,78.16810412019781,150,998,668,4.87
+4.187230784E+02,-1.865816792E-01,411.4557528240979,77.67354667277287,151,998,668,4.87
+4.184940095E+02,-1.855044777E-01,411.31404530973316,77.18803092662026,152,998,668,4.87
+4.182723701E+02,-1.844327366E-01,411.178654162484,76.70651830320381,153,998,668,4.87
+4.180536774E+02,-1.833757536E-01,411.0444759073646,76.23198812639782,154,998,668,4.87
+4.178378136E+02,-1.823294143E-01,410.9117297673851,75.76271387433157,155,998,668,4.87
+4.176241376E+02,-1.812920837E-01,410.7799254713425,75.29789595932941,156,998,668,4.87
+4.174167420E+02,-1.802711599E-01,410.6525500198031,74.8412965155447,157,998,668,4.87
+4.172130075E+02,-1.792557981E-01,410.5278593255049,74.38797177510298,158,998,668,4.87
+4.170118681E+02,-1.782545401E-01,410.40418280180324,73.94122581507493,159,998,668,4.87
+4.168163879E+02,-1.772637737E-01,410.28482284111135,73.50010454578376,160,998,668,4.87
+4.166223453E+02,-1.762857454E-01,410.165476483337,73.06476924256697,161,998,668,4.87
+4.164325287E+02,-1.753098779E-01,410.0496755083436,72.63136082284556,162,998,668,4.87
+4.162444121E+02,-1.743516406E-01,409.93382071418466,72.20577012362166,163,998,668,4.87
+4.160628840E+02,-1.733994224E-01,409.82358460905107,71.78407163560337,164,998,668,4.87
+4.158802949E+02,-1.724612712E-01,409.710868103795,71.36822993283289,165,998,668,4.87
+4.157045064E+02,-1.715256353E-01,409.60425454536875,70.9548539537672,166,998,668,4.87
+4.155273131E+02,-1.706019579E-01,409.49499825785466,70.54639844744055,167,998,668,4.87
+4.153540551E+02,-1.696911425E-01,409.3883136490197,70.1441354328761,168,998,668,4.87
+4.151852405E+02,-1.687881978E-01,409.2850674410967,69.74609307179686,169,998,668,4.87
+4.150210489E+02,-1.678921625E-01,409.1855151584635,69.35189409496327,170,998,668,4.87
+4.148558186E+02,-1.670103472E-01,409.0835803091593,68.96357406425311,171,998,668,4.87
+4.146941644E+02,-1.661302495E-01,408.98468799413655,68.57678159372168,172,998,668,4.87
+4.145368643E+02,-1.652661962E-01,408.8886324869071,68.19749325791682,173,998,668,4.87
+4.143812409E+02,-1.644112025E-01,408.7932666529778,67.8224000534576,174,998,668,4.87
+4.142260674E+02,-1.635584232E-01,408.69785296898675,67.44849807230577,175,998,668,4.87
+4.140769942E+02,-1.627168288E-01,408.60736844175807,67.0803665822438,176,998,668,4.87
+4.139283708E+02,-1.618816961E-01,408.51656669188446,66.7151473911089,177,998,668,4.87
+4.137831222E+02,-1.610578630E-01,408.4280213812476,66.35528289578178,178,998,668,4.87
+4.136387824E+02,-1.602415543E-01,408.3395610602246,65.99882709940894,179,998,668,4.87
+4.134937187E+02,-1.594328584E-01,408.2495765836838,65.64555296132117,180,998,668,4.87
+4.133598135E+02,-1.586306096E-01,408.16988531196745,65.29686164870483,181,998,668,4.87
+4.132195089E+02,-1.578340183E-01,408.08321009420075,64.94964337676983,182,998,668,4.87
+4.130866203E+02,-1.570503513E-01,408.0027305428197,64.60903760682122,183,998,668,4.87
+4.129549530E+02,-1.562675584E-01,407.9231180880292,64.26914451408246,184,998,668,4.87
+4.128226282E+02,-1.554976323E-01,407.8417514231049,63.93456146787722,185,998,668,4.87
+4.126963688E+02,-1.547322544E-01,407.7658151037208,63.602931170692464,186,998,668,4.87
+4.125671243E+02,-1.539755857E-01,407.6861092845313,63.274547407412165,187,998,668,4.87
+4.124419225E+02,-1.532267721E-01,407.60964092078757,62.950139506776445,188,998,668,4.87
+4.123199955E+02,-1.524812789E-01,407.535944240903,62.62773220224132,189,998,668,4.87
+4.121997285E+02,-1.517460521E-01,407.4629947063026,62.30990387125726,190,998,668,4.87
+4.120782783E+02,-1.510149420E-01,407.3883732404924,61.99371577149989,191,998,668,4.87
+4.119629010E+02,-1.502929982E-01,407.3189463687722,61.68231293790051,192,998,668,4.87
+4.118478722E+02,-1.495790382E-01,407.24913687933395,61.37434599818588,193,998,668,4.87
+4.117311211E+02,-1.488705638E-01,407.1770570794486,61.06848835841851,194,998,668,4.87
+4.116199144E+02,-1.481682713E-01,407.1098563796499,60.766098847994016,195,998,668,4.87
+4.115114312E+02,-1.474696400E-01,407.0449043944231,60.46572429738437,196,998,668,4.87
+4.113994313E+02,-1.467787392E-01,406.9757874565675,60.16810199823682,197,998,668,4.87
+4.112924156E+02,-1.460966687E-01,406.910856028377,59.87492276685282,198,998,668,4.87
+4.111857334E+02,-1.454184919E-01,406.84581202805106,59.58349257077503,199,998,668,4.87
+4.110808762E+02,-1.447466136E-01,406.78199239706146,59.29500348964273,200,998,668,4.87
+4.109788694E+02,-1.440824282E-01,406.7203357325892,59.01016518255294,201,998,668,4.87
+6.662600920E+02,-1.272419187E-02,666.2061572880306,8.477392486156088,1,666,989,3.08
+6.655044861E+02,-2.537979713E-02,665.2901605375189,16.888555627625795,2,666,989,3.08
+6.643718010E+02,-3.783907797E-02,663.8962353624667,25.13321777106846,3,666,989,3.08
+6.628211483E+02,-5.010767375E-02,661.9892236871964,33.19852942155318,4,666,989,3.08
+6.608786647E+02,-6.215607909E-02,659.6024635476213,41.05118192651518,5,666,989,3.08
+6.585781344E+02,-7.392071243E-02,656.7796286445111,48.63824120342341,6,666,989,3.08
+6.559314759E+02,-8.539305074E-02,653.5414114431586,55.94394163121162,7,666,989,3.08
+6.529710745E+02,-9.653906074E-02,649.9306602096935,62.93934423773753,8,666,989,3.08
+6.497417675E+02,-1.073323139E-01,646.0027731993778,69.60446431614479,9,666,989,3.08
+6.707802079E+02,-1.222293327E-01,665.7757117282912,81.78501686161476,10,666,989,3.08
+6.425076301E+02,-1.277581714E-01,637.2712053197241,81.86247984922328,11,666,989,3.08
+6.385616050E+02,-1.373599364E-01,632.5469597903829,87.4372177057331,12,666,989,3.08
+6.344404536E+02,-1.465205685E-01,627.6424567421378,92.62632271048751,13,666,989,3.08
+6.301604482E+02,-1.552523385E-01,622.581220680281,97.44133687442968,14,666,989,3.08
+6.257536750E+02,-1.635304970E-01,617.4052821512282,101.87433115249385,15,666,989,3.08
+6.212524958E+02,-1.713709627E-01,612.1523259172088,105.94429390901804,16,666,989,3.08
+6.166696837E+02,-1.787668381E-01,606.8422611779009,109.6538592259767,17,666,989,3.08
+6.120337471E+02,-1.857249222E-01,601.5083857506764,113.01756262140083,18,666,989,3.08
+6.073611773E+02,-1.922573706E-01,596.1707959904419,116.05163376430762,19,666,989,3.08
+6.026750366E+02,-1.983421555E-01,590.8593476507461,118.75365693125403,20,666,989,3.08
+5.979794101E+02,-2.040133083E-01,585.578133930429,121.15124417892112,21,666,989,3.08
+5.933072137E+02,-2.092923695E-01,580.3601719166794,123.27011268470481,22,666,989,3.08
+5.886587299E+02,-2.141470452E-01,575.2125957313632,125.09824139238911,23,666,989,3.08
+5.840521468E+02,-2.186334819E-01,570.148641059665,126.67847993840898,24,666,989,3.08
+5.794888199E+02,-2.227674378E-01,565.1695214342529,128.02618650444947,25,666,989,3.08
+5.749939462E+02,-2.265130481E-01,560.305967764668,129.13272495361997,26,666,989,3.08
+5.705612923E+02,-2.299538860E-01,555.54235429816,130.04953230174897,27,666,989,3.08
+5.662092990E+02,-2.330372976E-01,550.9043611981837,130.75685483710805,28,666,989,3.08
+5.619389125E+02,-2.358224134E-01,546.3858590812824,131.29293346441636,29,666,989,3.08
+5.577424558E+02,-2.383238179E-01,541.9778892833027,131.6685783694464,30,666,989,3.08
+5.536819421E+02,-2.405559893E-01,537.7390385597737,131.91064936705465,31,666,989,3.08
+5.496740826E+02,-2.425114958E-01,533.5894772272859,131.99949573564055,32,666,989,3.08
+5.457639240E+02,-2.442177422E-01,529.5693453956615,131.96427227506848,33,666,989,3.08
+5.419456025E+02,-2.456814065E-01,525.6719625629653,131.81056044296423,34,666,989,3.08
+5.382275307E+02,-2.469269177E-01,521.9020875794761,131.5563977296594,35,666,989,3.08
+5.346055253E+02,-2.479667099E-01,518.2537933600031,131.21003524599848,36,666,989,3.08
+5.310815016E+02,-2.488044008E-01,514.7281877955686,130.77635118935157,37,666,989,3.08
+5.276586048E+02,-2.494612407E-01,511.3252346511195,130.2693656561673,38,666,989,3.08
+5.243236593E+02,-2.499436478E-01,508.03101567916684,129.6911207821746,39,666,989,3.08
+5.210897483E+02,-2.502723163E-01,504.8552043073359,129.0571519411282,40,666,989,3.08
+5.179474041E+02,-2.504416469E-01,501.7890310617414,128.3638645415734,41,666,989,3.08
+5.148914126E+02,-2.504738216E-01,498.8242711801985,127.62254209491066,42,666,989,3.08
+5.119308634E+02,-2.503772798E-01,495.9683534138839,126.84085033375582,43,666,989,3.08
+5.090544860E+02,-2.501585773E-01,493.20923705402186,126.02030868599664,44,666,989,3.08
+5.062689024E+02,-2.498262946E-01,490.55197797100493,125.16772126245417,45,666,989,3.08
+5.035669015E+02,-2.493917173E-01,487.98791831803743,124.28763358411457,46,666,989,3.08
+5.009481732E+02,-2.488616059E-01,485.5156817579507,123.38393331195746,47,666,989,3.08
+4.984072480E+02,-2.482354198E-01,483.1298084371442,122.4555962723706,48,666,989,3.08
+4.959479426E+02,-2.475350551E-01,480.83110943089235,121.51463275108094,49,666,989,3.08
+4.935591777E+02,-2.467585579E-01,478.60891275430356,120.55774767323611,50,666,989,3.08
+4.912433294E+02,-2.459138728E-01,476.46439874058655,119.58965428818766,51,666,989,3.08
+4.890023297E+02,-2.449973247E-01,474.39972935780634,118.6093387439101,52,666,989,3.08
+4.868291234E+02,-2.440281034E-01,472.40564535254174,117.6244091566926,53,666,989,3.08
+4.847225058E+02,-2.430055218E-01,470.4809554741663,116.63437814446733,54,666,989,3.08
+4.826828157E+02,-2.419334802E-01,468.6254346795899,115.64126661121286,55,666,989,3.08
+4.807084442E+02,-2.408188181E-01,466.83664737377853,114.64795241954762,56,666,989,3.08
+4.787925589E+02,-2.396625752E-01,465.1077704604927,113.6533163408778,57,666,989,3.08
+4.769365939E+02,-2.384696519E-01,463.4395768645762,112.6599893330193,58,666,989,3.08
+4.751359321E+02,-2.372453810E-01,461.82693227946396,111.66932700556227,59,666,989,3.08
+4.733875142E+02,-2.359859609E-01,460.2672453119154,110.67882134101484,60,666,989,3.08
+4.716925781E+02,-2.347070922E-01,458.7599473776143,109.69593846954012,61,666,989,3.08
+4.700524373E+02,-2.334023789E-01,457.3070100808418,108.71794857608052,62,666,989,3.08
+4.684608226E+02,-2.320746313E-01,455.90201130959707,107.74459798492308,63,666,989,3.08
+4.669124193E+02,-2.307333968E-01,454.5387430112173,106.7789230061887,64,666,989,3.08
+4.654136792E+02,-2.293772623E-01,453.2236462133,105.82163908956416,65,666,989,3.08
+4.639578532E+02,-2.280094806E-01,451.9498164289604,104.87255587512759,66,666,989,3.08
+4.625494639E+02,-2.266238875E-01,450.72231570904904,103.92978724143383,67,666,989,3.08
+4.611760179E+02,-2.252324455E-01,449.52773580529004,102.99579713692422,68,666,989,3.08
+4.598470701E+02,-2.238347431E-01,448.37545903963553,102.07240376590747,69,666,989,3.08
+4.585544325E+02,-2.224276669E-01,447.2578455860993,101.15625105290339,70,666,989,3.08
+4.573026481E+02,-2.210187521E-01,446.17858789555976,100.25158184685503,71,666,989,3.08
+4.560814203E+02,-2.196045287E-01,445.12802139834355,99.35444886295234,72,666,989,3.08
+4.549023145E+02,-2.181896043E-01,444.11700450965066,98.46929492401081,73,666,989,3.08
+4.537525184E+02,-2.167762007E-01,443.1328515475501,97.59417930224744,74,666,989,3.08
+4.526372668E+02,-2.153588523E-01,442.18124232286635,96.72768080534604,75,666,989,3.08
+4.515502203E+02,-2.139443033E-01,441.2553629167093,95.87129992975841,76,666,989,3.08
+4.504970208E+02,-2.125345935E-01,440.36057324103643,95.02700292286067,77,666,989,3.08
+4.494691374E+02,-2.111250008E-01,439.4890250296917,94.19077637195252,78,666,989,3.08
+4.484747531E+02,-2.097240659E-01,438.64795311014626,93.36796774260903,79,666,989,3.08
+4.475057813E+02,-2.083252884E-01,437.8301036308277,92.55390133074958,80,666,989,3.08
+4.465631243E+02,-2.069331756E-01,437.0359788060971,91.75062513996252,81,666,989,3.08
+4.456464466E+02,-2.055468113E-01,436.26537736443754,90.95754988054337,82,666,989,3.08
+4.447566807E+02,-2.041628453E-01,435.5195552735708,90.17328873670324,83,666,989,3.08
+4.438854445E+02,-2.027949307E-01,434.78911474548715,89.40197725888481,84,666,989,3.08
+4.430395170E+02,-2.014282877E-01,434.0820648766214,88.63844863286972,85,666,989,3.08
+4.422166854E+02,-2.000725526E-01,433.3954182826865,87.88633715053659,86,666,989,3.08
+4.414155873E+02,-1.987231513E-01,432.72828555458653,87.14328196936437,87,666,989,3.08
+4.406354805E+02,-1.973856673E-01,432.0794920528353,86.41145307671738,88,666,989,3.08
+4.398754454E+02,-1.960547164E-01,431.44864379931505,85.6882444071539,89,666,989,3.08
+4.391348858E+02,-1.947325399E-01,430.8349990076964,84.97441707135903,90,666,989,3.08
+4.384137751E+02,-1.934232766E-01,430.2382201960955,84.27165644467581,91,666,989,3.08
+4.377123895E+02,-1.921248663E-01,429.6587960804356,83.57903368973788,92,666,989,3.08
+4.370274833E+02,-1.908318522E-01,429.0940327934898,82.8934990246597,93,666,989,3.08
+4.363617188E+02,-1.895524360E-01,428.54589708905985,82.21899854792207,94,666,989,3.08
+4.357117458E+02,-1.882814489E-01,428.0115639555441,81.55259988751439,95,666,989,3.08
+4.350759954E+02,-1.870222473E-01,427.4892514205147,80.8953749804575,96,666,989,3.08
+4.344587772E+02,-1.857711793E-01,426.9835240552462,80.24649071132136,97,666,989,3.08
+4.338552802E+02,-1.845359371E-01,426.4890716003639,79.60826566933957,98,666,989,3.08
+4.332645259E+02,-1.833086186E-01,426.0055982768569,78.97708300595188,99,666,989,3.08
+4.326911718E+02,-1.820903912E-01,425.5376191772044,78.35422655258387,100,666,989,3.08
+4.321291968E+02,-1.808871820E-01,425.0787815705342,77.74105855674448,101,666,989,3.08
+4.315820029E+02,-1.796925062E-01,424.63297019781515,77.1353735205648,102,666,989,3.08
+4.310465636E+02,-1.785102127E-01,424.19693924380084,76.5382043659243,103,666,989,3.08
+4.305245529E+02,-1.773395200E-01,423.7724275020184,75.94945910795856,104,666,989,3.08
+4.300181896E+02,-1.761773514E-01,423.36188214097393,75.36816394813953,105,666,989,3.08
+4.295158138E+02,-1.750285476E-01,422.9534857035758,74.79427274511994,106,666,989,3.08
+4.290316865E+02,-1.738908294E-01,422.5614805547439,74.22926089095205,107,666,989,3.08
+4.285530340E+02,-1.727637603E-01,422.1733466534813,73.67067480351092,108,666,989,3.08
+4.280907361E+02,-1.716453230E-01,421.79997415191747,73.1194922033899,109,666,989,3.08
+4.276381303E+02,-1.705428944E-01,421.43428709283404,72.57762843352296,110,666,989,3.08
+4.271923553E+02,-1.694476514E-01,421.0741338101271,72.04083746606918,111,666,989,3.08
+4.267602571E+02,-1.683652303E-01,420.7258773029521,71.51260873244217,112,666,989,3.08
+4.263344357E+02,-1.672933641E-01,420.38241101332284,70.99070061820157,113,666,989,3.08
+4.259197900E+02,-1.662303930E-01,420.04870454354716,70.47519652283302,114,666,989,3.08
+4.255146218E+02,-1.651817894E-01,419.72272089360894,69.9680707984912,115,666,989,3.08
+4.251212382E+02,-1.641364743E-01,419.40753379410666,69.46501108793109,116,666,989,3.08
+4.247324332E+02,-1.631059523E-01,419.09525164476713,68.96962998887093,117,666,989,3.08
+4.243517931E+02,-1.620843179E-01,418.7898435898839,68.48000593710383,118,666,989,3.08
+4.239814594E+02,-1.610784062E-01,418.49297684639606,67.99931062294434,119,666,989,3.08
+4.236189768E+02,-1.600755031E-01,418.20311474008514,67.52179149556174,120,666,989,3.08
+4.232624233E+02,-1.590868491E-01,417.9176149665531,67.05181636955325,121,666,989,3.08
+4.229180051E+02,-1.581040720E-01,417.64318765627144,66.58683685288003,122,666,989,3.08
+4.225761010E+02,-1.571377406E-01,417.3696460160374,66.12971889256656,123,666,989,3.08
+4.222429916E+02,-1.561785430E-01,417.10383037887016,65.6775352658148,124,666,989,3.08
+4.219152436E+02,-1.552282920E-01,416.84224495179654,65.23048064818911,125,666,989,3.08
+4.215939269E+02,-1.542813993E-01,416.58632416816084,64.78636982438935,126,666,989,3.08
+4.212791371E+02,-1.533550610E-01,416.33506404744435,64.35235660277738,127,666,989,3.08
+4.209737941E+02,-1.524349629E-01,416.09229596432186,63.92289541383761,128,666,989,3.08
+4.206743499E+02,-1.515227555E-01,415.85442049430276,63.498107209075414,129,666,989,3.08
+4.203770117E+02,-1.506206748E-01,415.6175599258223,63.07833104266063,130,666,989,3.08
+4.200898098E+02,-1.497259425E-01,415.38984309421824,62.66359830045626,131,666,989,3.08
+4.198028202E+02,-1.488400761E-01,415.1613751015686,62.25303584282622,132,666,989,3.08
+4.195278466E+02,-1.479691670E-01,414.9434655515812,61.85090515810476,133,666,989,3.08
+4.192543311E+02,-1.470973493E-01,414.7266688481876,61.44903817143234,134,666,989,3.08
+4.189843695E+02,-1.462382121E-01,414.51222884460327,61.05337028855805,135,666,989,3.08
+4.187292287E+02,-1.453912051E-01,414.31134389360034,60.66528899441379,136,666,989,3.08
+4.184694447E+02,-1.445539534E-01,414.1049162700267,60.28096273717396,137,666,989,3.08
+4.182180584E+02,-1.437195508E-01,413.9062761657147,59.89940669570058,138,666,989,3.08
+4.179704839E+02,-1.428961173E-01,413.71040786607523,59.52330497280735,139,666,989,3.08
+4.177259473E+02,-1.420818520E-01,413.51666598329405,59.151787815273536,140,666,989,3.08
+4.174906442E+02,-1.412743873E-01,413.33133529246646,58.784736623359,141,666,989,3.08
+4.172572865E+02,-1.404779905E-01,413.14696125044424,58.42286835535414,142,666,989,3.08
+4.170282794E+02,-1.396870923E-01,412.96626208926193,58.06420752363255,143,666,989,3.08
+4.168012629E+02,-1.389054105E-01,412.78669374216497,57.70994909412943,144,666,989,3.08
+4.165833840E+02,-1.381323782E-01,412.61537847813224,57.360833922103474,145,666,989,3.08
+4.163655636E+02,-1.373649329E-01,412.44350967748846,57.01433045174773,146,666,989,3.08
+4.161544210E+02,-1.366067977E-01,412.277440162528,56.672872265999914,147,666,989,3.08
+4.159419468E+02,-1.358550444E-01,412.1094112424806,56.334148375120314,148,666,989,3.08
+4.157363050E+02,-1.351121672E-01,411.94737925075594,56.00028592326008,149,666,989,3.08
+4.155377578E+02,-1.343704170E-01,411.79204667503507,55.66810983531984,150,666,989,3.08
+4.153416036E+02,-1.336421567E-01,411.6380732197917,55.34206679296463,151,666,989,3.08
+4.151455238E+02,-1.329206280E-01,411.4835467653945,55.019057357862394,152,666,989,3.08
+4.149543729E+02,-1.322053309E-01,411.3333136263239,54.6995127036843,153,666,989,3.08
+4.147629064E+02,-1.314984368E-01,411.1820641343272,54.383624921562394,154,666,989,3.08
+4.145833736E+02,-1.307955340E-01,411.0421896446739,54.07117529395091,155,666,989,3.08
+4.144013400E+02,-1.301010864E-01,410.8991449306888,53.76209900128898,156,666,989,3.08
+4.142227173E+02,-1.294149923E-01,410.7588050978849,53.45711890808879,157,666,989,3.08
+4.140499338E+02,-1.287320175E-01,410.6238653621698,53.15438716432609,158,666,989,3.08
+4.138766432E+02,-1.280574489E-01,410.48775654479437,52.855250574770196,159,666,989,3.08
+4.137093168E+02,-1.273894911E-01,410.3569995041283,52.55979228546889,160,666,989,3.08
+4.135416239E+02,-1.267310455E-01,410.22517024649807,52.268388095298405,161,666,989,3.08
+4.133783489E+02,-1.260729013E-01,410.0975023945784,51.97785941166601,162,666,989,3.08
+4.132182762E+02,-1.254212248E-01,409.9724727220706,51.69057356859723,163,666,989,3.08
+4.130574144E+02,-1.247797677E-01,409.8459345444204,51.40756294772243,164,666,989,3.08
+4.129024385E+02,-1.241470422E-01,409.72459622803177,51.12904228540378,165,666,989,3.08
+4.127503841E+02,-1.235149841E-01,409.60593490267746,50.85132906032171,166,666,989,3.08
+4.126002009E+02,-1.228929802E-01,409.48843484780883,50.5781327117972,167,666,989,3.08
+4.124522516E+02,-1.222747431E-01,409.3727811931918,50.30691670198858,168,666,989,3.08
+4.123060897E+02,-1.216555878E-01,409.2587688888345,50.0357041651256,169,666,989,3.08
+4.121630318E+02,-1.210553024E-01,409.1467198864548,49.772747450012574,170,666,989,3.08
+4.120222539E+02,-1.204514915E-01,409.0369407354517,49.50877520822592,171,666,989,3.08
+4.118827434E+02,-1.198539663E-01,408.9279407873301,49.24767562173934,172,666,989,3.08
+4.117461319E+02,-1.192619550E-01,408.8213831960476,48.989323084551884,173,666,989,3.08
+4.116108872E+02,-1.186817872E-01,408.7154430868087,48.736116422267,174,666,989,3.08
+4.114776524E+02,-1.181011251E-01,408.6113666896697,48.48308402541577,175,666,989,3.08
+4.113474009E+02,-1.175279016E-01,408.50973823391524,48.233577466775195,176,666,989,3.08
+4.112182886E+02,-1.169583349E-01,408.4089139840809,47.9858297568822,177,666,989,3.08
+4.110919522E+02,-1.163923303E-01,408.31052714880747,47.73998934928707,178,666,989,3.08
+4.109688406E+02,-1.158348048E-01,408.2147933646043,47.49810967187666,179,666,989,3.08
+4.108474267E+02,-1.152823885E-01,408.1203618110889,47.25863202842191,180,666,989,3.08
+4.107245361E+02,-1.147364335E-01,408.0240194792115,47.02174053125052,181,666,989,3.08
+4.106065420E+02,-1.141930054E-01,407.9322865538479,46.78655704523505,182,666,989,3.08
+4.104895003E+02,-1.136531469E-01,407.8411986304666,46.55305098710508,183,666,989,3.08
+4.103745571E+02,-1.131186426E-01,407.751814588985,46.32207696564544,184,666,989,3.08
+4.102631417E+02,-1.125891490E-01,407.66557469455734,46.09365082644872,185,666,989,3.08
+4.101510759E+02,-1.120618468E-01,407.5784604188172,45.86614944110996,186,666,989,3.08
+4.100396275E+02,-1.115426155E-01,407.49146480465583,45.64211028967333,187,666,989,3.08
+4.099324568E+02,-1.110305179E-01,407.40827379752113,45.42155412805625,188,666,989,3.08
+4.098272391E+02,-1.105158429E-01,407.3270213732913,45.2002607015803,189,666,989,3.08
+4.097206636E+02,-1.100115736E-01,407.2438314543565,44.983151548108026,190,666,989,3.08
+4.096178418E+02,-1.095086803E-01,407.1641957940089,44.76710828619386,191,666,989,3.08
+4.095145019E+02,-1.090129968E-01,407.08360961869516,44.55403512835778,192,666,989,3.08
+4.094156298E+02,-1.085193352E-01,407.0072641404393,44.34235967385253,193,666,989,3.08
+4.093146675E+02,-1.080313581E-01,406.9284800183838,44.132858286806304,194,666,989,3.08
+4.092200872E+02,-1.075526412E-01,406.8555267398456,43.927896935984,195,666,989,3.08
+4.091199412E+02,-1.070669961E-01,406.7772395840162,43.71960251305383,196,666,989,3.08
+4.090255109E+02,-1.065890185E-01,406.7041957211915,43.515120932668026,197,666,989,3.08
+4.089313571E+02,-1.061186314E-01,406.63099552085066,43.31383498802291,198,666,989,3.08
+4.088404397E+02,-1.056517911E-01,406.56076140514966,43.11441081302523,199,666,989,3.08
+4.087480715E+02,-1.051881461E-01,406.48884982203134,42.91620818911138,200,666,989,3.08
+4.086568954E+02,-1.047306058E-01,406.4177666439268,42.72068719167747,201,666,989,3.08
+4.650879148E+02,-2.041552630E-02,464.9909953066588,9.49435499309306,1,464,1285,7.03
+4.631527626E+02,-4.027212018E-02,462.7772326716569,18.647102315777857,2,464,1285,7.03
+4.601211493E+02,-5.898680756E-02,459.3208986126809,27.125341118448986,3,464,1285,7.03
+4.561545743E+02,-7.621171291E-02,454.83049112398885,34.730678063137766,4,464,1285,7.03
+4.514538458E+02,-9.166559517E-02,449.55848468844226,41.32485610672816,5,464,1285,7.03
+4.462430137E+02,-1.051825141E-01,443.77681482446394,46.85046318140128,6,464,1285,7.03
+4.407191358E+02,-1.167383464E-01,437.71951937840043,51.33204667107087,7,464,1285,7.03
+4.350576104E+02,-1.263641382E-01,431.5887527377198,54.82948912088785,8,464,1285,7.03
+4.294204328E+02,-1.341949446E-01,425.5596694570559,57.453249148682936,9,464,1285,7.03
+4.342883780E+02,-1.437955794E-01,429.8061822327302,62.23376077657535,10,464,1285,7.03
+4.185703398E+02,-1.450157025E-01,414.17687351300015,60.486749022275795,11,464,1285,7.03
+4.134981813E+02,-1.483780633E-01,408.95472797649677,61.129178009173444,12,464,1285,7.03
+4.087115959E+02,-1.506173345E-01,404.0844232400179,61.32656453696868,13,464,1285,7.03
+4.042275592E+02,-1.518995689E-01,399.57305111996493,61.16613798067819,14,464,1285,7.03
+4.000508407E+02,-1.523791128E-01,395.4153515116761,60.72375921889569,15,464,1285,7.03
+3.961803641E+02,-1.521911897E-01,391.60101717014163,60.062669352261025,16,464,1285,7.03
+3.925967822E+02,-1.514744124E-01,388.1014194239716,59.24121567703261,17,464,1285,7.03
+3.892925022E+02,-1.503255781E-01,384.90220607899613,58.30046333142616,18,464,1285,7.03
+3.862486994E+02,-1.488186018E-01,381.9794669639908,57.269054524211334,19,464,1285,7.03
+3.834408785E+02,-1.470421770E-01,379.30307733501957,56.17902481385679,20,464,1285,7.03
+3.808561915E+02,-1.450510521E-01,376.85664084644435,55.050075874777306,21,464,1285,7.03
+3.784767136E+02,-1.429035482E-01,374.61876896483864,53.901768771769,22,464,1285,7.03
+3.762911657E+02,-1.406326425E-01,372.5762376212687,52.7445593767241,23,464,1285,7.03
+3.742673103E+02,-1.382879783E-01,370.69434712422304,51.59186534079317,24,464,1285,7.03
+3.724040778E+02,-1.358914646E-01,368.9708678424451,50.45092512195716,25,464,1285,7.03
+3.706821380E+02,-1.334695844E-01,367.38534659478114,49.3280299594824,26,464,1285,7.03
+3.690887902E+02,-1.310348759E-01,365.9246685960928,48.225221245104635,27,464,1285,7.03
+3.676206654E+02,-1.286180098E-01,364.5841554225191,47.15238322701407,28,464,1285,7.03
+3.662561538E+02,-1.262047185E-01,363.3432267871541,46.10064798099882,29,464,1285,7.03
+3.649967962E+02,-1.238411097E-01,362.20146285706886,45.08615686065618,30,464,1285,7.03
+3.638289721E+02,-1.215032219E-01,361.14666490467556,44.09770252034193,31,464,1285,7.03
+3.627416122E+02,-1.191976890E-01,360.16772929615144,43.1356464552158,32,464,1285,7.03
+3.617306018E+02,-1.169465632E-01,359.2598156593966,42.20679010498804,33,464,1285,7.03
+3.607875002E+02,-1.147404751E-01,358.41515299016396,41.30615459713454,34,464,1285,7.03
+3.599081188E+02,-1.125857071E-01,357.6295120695661,40.43496104906021,35,464,1285,7.03
+3.590859024E+02,-1.104852113E-01,356.89645341527216,39.59301506607948,36,464,1285,7.03
+3.583166372E+02,-1.084387397E-01,356.2119852396515,38.7792994514179,37,464,1285,7.03
+3.575998162E+02,-1.064399570E-01,355.57602079090134,37.99107769966942,38,464,1285,7.03
+3.569222273E+02,-1.044990083E-01,354.97519708454274,37.2301731876565,39,464,1285,7.03
+3.562915671E+02,-1.026069119E-01,354.41766144854296,36.4938630446245,40,464,1285,7.03
+3.556970724E+02,-1.007725370E-01,353.8925298661867,35.78385975326039,41,464,1285,7.03
+3.551382662E+02,-9.898712131E-02,353.3997841264493,35.09673345086526,42,464,1285,7.03
+3.546124308E+02,-9.725493401E-02,352.9366974822938,34.43346697874936,43,464,1285,7.03
+3.541154377E+02,-9.556899575E-02,352.4995233624771,33.790963979872856,44,464,1285,7.03
+3.536466703E+02,-9.392534165E-02,352.08788664417284,33.16756687966414,45,464,1285,7.03
+3.532073577E+02,-9.233639466E-02,351.7027025217763,32.567569333535694,46,464,1285,7.03
+3.527909153E+02,-9.078712871E-02,351.3380088888016,31.984893751021588,47,464,1285,7.03
+3.523980736E+02,-8.928978611E-02,350.99423061657546,31.423754563534334,48,464,1285,7.03
+3.520237693E+02,-8.782733480E-02,350.6669493611247,30.87757726801217,49,464,1285,7.03
+3.516709182E+02,-8.641202076E-02,350.35876505894447,30.350790006232963,50,464,1285,7.03
+3.513333718E+02,-8.503322408E-02,350.0639527888231,29.83901972621887,51,464,1285,7.03
+3.510172343E+02,-8.369385359E-02,349.7885733590731,29.343699886780037,52,464,1285,7.03
+3.507140271E+02,-8.238991544E-02,349.5243596712992,28.86261944224416,53,464,1285,7.03
+3.504246526E+02,-8.112529566E-02,349.2721576203712,28.397131211466736,54,464,1285,7.03
+3.501526011E+02,-7.989354271E-02,349.03568718882104,27.945180724468603,55,464,1285,7.03
+3.498912715E+02,-7.869698458E-02,348.8083545655903,27.506974699740226,56,464,1285,7.03
+3.496438356E+02,-7.753259057E-02,348.59345448898637,27.08164065404491,57,464,1285,7.03
+3.494075975E+02,-7.639640418E-02,348.38845022691396,26.667525929697987,58,464,1285,7.03
+3.491818096E+02,-7.529223594E-02,348.1925350652824,26.265846271207757,59,464,1285,7.03
+3.489684185E+02,-7.421989731E-02,348.0076971190702,25.876627606251574,60,464,1285,7.03
+3.487621960E+02,-7.316867768E-02,347.829036123677,25.49570528571941,61,464,1285,7.03
+3.485645315E+02,-7.215422315E-02,347.65757119483595,25.128585529672012,62,464,1285,7.03
+3.483759691E+02,-7.115736340E-02,347.494362906661,24.768600979020725,63,464,1285,7.03
+3.481946448E+02,-7.019302259E-02,347.3372089134672,24.420769267175473,64,464,1285,7.03
+3.480232465E+02,-6.924817009E-02,347.1891403826606,24.08071645007668,65,464,1285,7.03
+3.478561784E+02,-6.833211898E-02,347.0443756667962,23.751256158279553,66,464,1285,7.03
+3.476990403E+02,-6.743384794E-02,346.9087897595862,23.428918307942013,67,464,1285,7.03
+3.475463911E+02,-6.656184858E-02,346.7767766967819,23.11625208428953,68,464,1285,7.03
+3.473992049E+02,-6.570853136E-02,346.64950736963385,22.810668678105824,69,464,1285,7.03
+3.472591242E+02,-6.487706113E-02,346.52856793133753,22.51335043052035,70,464,1285,7.03
+3.471274462E+02,-6.406601710E-02,346.4153054166371,22.223862815269406,71,464,1285,7.03
+3.469972897E+02,-6.327022756E-02,346.3029851724885,21.939952592677283,72,464,1285,7.03
+3.468704970E+02,-6.249702759E-02,346.19330046276525,21.664265593934864,73,464,1285,7.03
+3.467507791E+02,-6.174056445E-02,346.09009983106273,21.39499019354782,74,464,1285,7.03
+3.466359177E+02,-6.100382121E-02,345.9911207769452,21.133002229557977,75,464,1285,7.03
+3.465239552E+02,-6.027671078E-02,345.89463617506874,20.87467826742306,76,464,1285,7.03
+3.464180330E+02,-5.957508627E-02,345.8034629352687,20.625678402547713,77,464,1285,7.03
+3.463131142E+02,-5.888190534E-02,345.7129402101451,20.379794850754337,78,464,1285,7.03
+3.462144504E+02,-5.821155173E-02,345.6280275191023,20.142300241747275,79,464,1285,7.03
+3.461169891E+02,-5.755248884E-02,345.5439275620313,19.90889923263466,80,464,1285,7.03
+3.460240742E+02,-5.690607933E-02,345.46396017364293,19.68024763845102,81,464,1285,7.03
+3.459344790E+02,-5.627270322E-02,345.3869024968464,19.456395982693344,82,464,1285,7.03
+3.458483294E+02,-5.566100688E-02,345.3127231028342,19.240327753868346,83,464,1285,7.03
+3.457653673E+02,-5.505264026E-02,345.2415279621758,19.025682496197078,84,464,1285,7.03
+3.456837996E+02,-5.446193506E-02,345.17125953726685,18.817303083857105,85,464,1285,7.03
+3.456049021E+02,-5.388493275E-02,345.1032767199167,18.613886018969303,86,464,1285,7.03
+3.455280748E+02,-5.331638773E-02,345.0370856455678,18.413582058022566,87,464,1285,7.03
+3.454542005E+02,-5.276205265E-02,344.9734684298076,18.218417126708253,88,464,1285,7.03
+3.453824786E+02,-5.221620389E-02,344.9117373909527,18.026367738232466,89,464,1285,7.03
+3.453147497E+02,-5.168539116E-02,344.85361896910433,17.839782629994627,90,464,1285,7.03
+3.452471815E+02,-5.116136901E-02,344.7954402717716,17.655613880268042,91,464,1285,7.03
+3.451831197E+02,-5.064841339E-02,344.74047180593374,17.47550356489678,92,464,1285,7.03
+3.451203339E+02,-5.014578881E-02,344.68650500110857,17.29907920579086,93,464,1285,7.03
+3.450588103E+02,-4.965446947E-02,344.6335149998752,17.126672311986688,94,464,1285,7.03
+3.450018690E+02,-4.917546938E-02,344.58480667521246,16.958791882077485,95,464,1285,7.03
+3.449449930E+02,-4.869883161E-02,344.5360421632057,16.791779128007516,96,464,1285,7.03
+3.448892280E+02,-4.823303455E-02,344.48812620180263,16.62860476428776,97,464,1285,7.03
+3.448347666E+02,-4.777716008E-02,344.441271708425,16.46895867866019,98,464,1285,7.03
+3.447818783E+02,-4.732997477E-02,344.3957728719859,16.312425692812788,99,464,1285,7.03
+3.447324256E+02,-4.689312324E-02,344.3534677801801,16.159656179015613,100,464,1285,7.03
+3.446821533E+02,-4.646310764E-02,344.31016680109707,16.009242359505496,101,464,1285,7.03
+3.446320355E+02,-4.603644262E-02,344.2669013442694,15.860029372240685,102,464,1285,7.03
+3.445865402E+02,-4.562469546E-02,344.2279545269545,15.716202123769577,103,464,1285,7.03
+3.445409120E+02,-4.521638863E-02,344.1887613015336,15.573587753233205,104,464,1285,7.03
+3.444972940E+02,-4.481710051E-02,344.1513780103907,15.434201854051393,105,464,1285,7.03
+3.444532459E+02,-4.442165179E-02,344.11344988899714,15.2961503829735,106,464,1285,7.03
+3.444092901E+02,-4.403719275E-02,344.0753920149447,15.161916664726027,107,464,1285,7.03
+3.443670532E+02,-4.365797981E-02,344.03892021613694,15.029594344698058,108,464,1285,7.03
+3.443280329E+02,-4.328399996E-02,344.0055331692938,14.899241245558503,109,464,1285,7.03
+3.442915336E+02,-4.291610219E-02,343.9745255933343,14.771115444695692,110,464,1285,7.03
+3.442503807E+02,-4.255450349E-02,343.93872867738105,14.644983027705274,111,464,1285,7.03
+3.442149833E+02,-4.220267500E-02,343.90849403047713,14.522481258674349,112,464,1285,7.03
+3.441800296E+02,-4.185445783E-02,343.8786070687548,14.401262997037897,113,464,1285,7.03
+3.441431642E+02,-4.151232392E-02,343.84668046263005,14.282079695133433,114,464,1285,7.03
+3.441093971E+02,-4.117406328E-02,343.8177533751407,14.164379146169376,115,464,1285,7.03
+3.440760448E+02,-4.084021080E-02,343.78913853829397,14.04823221296253,116,464,1285,7.03
+3.440446800E+02,-4.051460496E-02,343.7623554386365,13.935021334139856,117,464,1285,7.03
+3.440121709E+02,-4.019370831E-02,343.734326597064,13.823402120814436,118,464,1285,7.03
+3.439844214E+02,-3.987759213E-02,343.710951784489,13.71363515970245,119,464,1285,7.03
+3.439524751E+02,-3.956531438E-02,343.68329618998615,13.605037574457297,120,464,1285,7.03
+3.439236974E+02,-3.925617271E-02,343.65873012234255,13.497660685677666,121,464,1285,7.03
+3.438958294E+02,-3.895700313E-02,343.63490597684796,13.39376246604319,122,464,1285,7.03
+3.438665042E+02,-3.866015440E-02,343.60956346985967,13.290620857624184,123,464,1285,7.03
+3.438372809E+02,-3.836821532E-02,343.584227086242,13.189186262055555,124,464,1285,7.03
+3.438131124E+02,-3.808274778E-02,343.5638271947311,13.090183401464085,125,464,1285,7.03
+3.437858709E+02,-3.779732621E-02,343.54032737788646,12.991092931931494,126,464,1285,7.03
+3.437598585E+02,-3.751639163E-02,343.51796937206046,12.893604400482795,127,464,1285,7.03
+3.437338535E+02,-3.724128715E-02,343.4955164924629,12.798132345603905,128,464,1285,7.03
+3.437092195E+02,-3.696938209E-02,343.4743665038065,12.703823208310979,129,464,1285,7.03
+3.436861775E+02,-3.670379995E-02,343.4547018180229,12.611756564985908,130,464,1285,7.03
+3.436616283E+02,-3.644333303E-02,343.43344221316755,12.521403093195477,131,464,1285,7.03
+3.436392552E+02,-3.618244872E-02,343.4143387070831,12.430996934578591,132,464,1285,7.03
+3.436162575E+02,-3.592959787E-02,343.3944880600243,12.343337810339264,133,464,1285,7.03
+3.435933788E+02,-3.567540447E-02,343.3747504186124,12.255232766288577,134,464,1285,7.03
+3.435749389E+02,-3.542709501E-02,343.3593545935381,12.169316055050144,135,464,1285,7.03
+3.435534428E+02,-3.518518885E-02,343.34080558426,12.085498768535874,136,464,1285,7.03
+3.435333454E+02,-3.493887492E-02,343.32368686104076,12.000226741929273,137,464,1285,7.03
+3.435117975E+02,-3.470210811E-02,343.30498356638975,11.918191144710823,138,464,1285,7.03
+3.434920171E+02,-3.446954679E-02,343.2879773427186,11.837669676579733,139,464,1285,7.03
+3.434764730E+02,-3.423514506E-02,343.27520769041183,11.756670005760897,140,464,1285,7.03
+3.434534455E+02,-3.400841402E-02,343.2548502842382,11.67805558158944,141,464,1285,7.03
+3.434344813E+02,-3.378019265E-02,343.2385531458544,11.599076693450657,142,464,1285,7.03
+3.434181223E+02,-3.355822002E-02,343.2247695779068,11.522337968075206,143,464,1285,7.03
+3.433993709E+02,-3.334004772E-02,343.20853428493507,11.44683050028881,144,464,1285,7.03
+3.433834173E+02,-3.312408976E-02,343.19505346721394,11.372183267170827,145,464,1285,7.03
+3.433650284E+02,-3.291027837E-02,343.1790981823581,11.298198921786085,146,464,1285,7.03
+3.433460811E+02,-3.269823798E-02,343.1625489700714,11.224811405592694,147,464,1285,7.03
+3.433307765E+02,-3.248850667E-02,343.14959909338677,11.152342092174141,148,464,1285,7.03
+3.433153378E+02,-3.228445789E-02,343.1364369165704,11.081824259958532,149,464,1285,7.03
+3.432997568E+02,-3.207805528E-02,343.12314394059916,11.010500045775093,150,464,1285,7.03
+3.432829176E+02,-3.188469788E-02,343.1084358469867,10.943617619535878,151,464,1285,7.03
+3.432661087E+02,-3.168519167E-02,343.0938118752746,10.874632634435748,152,464,1285,7.03
+3.432536983E+02,-3.149163005E-02,343.08350611290695,10.807831877966192,153,464,1285,7.03
+3.432394331E+02,-3.130100751E-02,343.0713018835706,10.741985790409602,154,464,1285,7.03
+3.432229878E+02,-3.110822831E-02,343.0569289966613,10.675337078453412,155,464,1285,7.03
+3.432095614E+02,-3.092043536E-02,343.0455077183361,10.610498133894456,156,464,1285,7.03
+3.431967482E+02,-3.073368308E-02,343.0346761218816,10.546039683691731,157,464,1285,7.03
+3.431828907E+02,-3.055106834E-02,343.02274523094997,10.482973024429558,158,464,1285,7.03
+3.431685164E+02,-3.037207336E-02,343.0102484647683,10.421136997226075,159,464,1285,7.03
+3.431570951E+02,-3.019433844E-02,343.00067915290646,10.359827127677823,160,464,1285,7.03
+3.431422431E+02,-3.001928681E-02,342.9876420937186,10.299338361791444,161,464,1285,7.03
+3.431290697E+02,-2.984588186E-02,342.97625536011134,10.239469338943477,162,464,1285,7.03
+3.431178041E+02,-2.967397550E-02,342.9667498817917,10.180175142230883,163,464,1285,7.03
+3.431048291E+02,-2.950768666E-02,342.9554686377244,10.122760652069406,164,464,1285,7.03
+3.430934914E+02,-2.934113785E-02,342.94581699489714,10.065309073464524,165,464,1285,7.03
+3.430808767E+02,-2.916654982E-02,342.9349597159126,10.005066810669534,166,464,1285,7.03
+3.430741220E+02,-2.884085775E-02,342.93144820737507,9.893180300757775,167,464,1285,7.03
+3.430654097E+02,-2.872935689E-02,342.9238404689609,9.854692823596954,168,464,1285,7.03
+3.430546506E+02,-2.848905576E-02,342.9154439276428,9.771981078354901,169,464,1285,7.03
+3.430454609E+02,-2.828608237E-02,342.9082342921124,9.702118261452116,170,464,1285,7.03
+3.430336575E+02,-2.812486195E-02,342.89799528323044,9.646502400816471,171,464,1285,7.03
+3.430241827E+02,-2.796908404E-02,342.8900227403787,9.592821384011055,172,464,1285,7.03
+3.430124567E+02,-2.781377035E-02,342.8797870365627,9.539239651606943,173,464,1285,7.03
+3.430039333E+02,-2.766146407E-02,342.87271580639646,9.486781056659067,174,464,1285,7.03
+3.429921765E+02,-2.751096792E-02,342.8623872963444,9.434856525601838,175,464,1285,7.03
+3.429822972E+02,-2.736266560E-02,342.85390713522713,9.383738844307409,176,464,1285,7.03
+3.429687558E+02,-2.727198150E-02,342.8412203168603,9.352278152732497,177,464,1285,7.03
+3.429656690E+02,-2.705720050E-02,342.8401354305576,9.278558647467234,178,464,1285,7.03
+3.429545882E+02,-2.687194429E-02,342.8307716585336,9.214747497679566,179,464,1285,7.03
+3.429465121E+02,-2.672257192E-02,342.82407104594625,9.16332216171956,180,464,1285,7.03
+3.429393462E+02,-2.657799620E-02,342.8182288877732,9.113567596379761,181,464,1285,7.03
+3.429287252E+02,-2.643583334E-02,342.8089037454214,9.064550742287604,182,464,1285,7.03
+3.429195769E+02,-2.628333452E-02,342.80113695224844,9.012032263635428,183,464,1285,7.03
+3.429118328E+02,-2.613924058E-02,342.7946905181452,8.96243420194544,184,464,1285,7.03
+3.429031416E+02,-2.601747916E-02,342.7870909971582,8.920468869719867,185,464,1285,7.03
+3.428947971E+02,-2.591127997E-02,342.7796947117711,8.883848915596145,186,464,1285,7.03
+3.428844527E+02,-2.576373357E-02,342.7706607935064,8.833006428248476,187,464,1285,7.03
+3.428750693E+02,-2.563273953E-02,342.7624346062778,8.787864943031076,188,464,1285,7.03
+3.428670011E+02,-2.550739734E-02,342.7554678285528,8.74469650344113,189,464,1285,7.03
+3.428571937E+02,-2.537736883E-02,342.7467977487187,8.69987958757181,190,464,1285,7.03
+3.428503678E+02,-2.525123288E-02,342.7410686657599,8.656474481460195,191,464,1285,7.03
+3.428422764E+02,-2.512682593E-02,342.7340540931762,8.613631753782888,192,464,1285,7.03
+3.428351690E+02,-2.500193299E-02,342.72802202323237,8.570648942835614,193,464,1285,7.03
+3.428266701E+02,-2.488145483E-02,342.7205558425407,8.529146196082344,194,464,1285,7.03
+3.428195308E+02,-2.475880548E-02,342.71446224710405,8.486934936149087,195,464,1285,7.03
+3.428135452E+02,-2.463741550E-02,342.709506167469,8.445185317208047,196,464,1285,7.03
+3.428029814E+02,-2.451513645E-02,342.6999756487996,8.403020114276348,197,464,1285,7.03
+3.427978987E+02,-2.439411743E-02,342.6959088767461,8.361422861952846,198,464,1285,7.03
+3.427900133E+02,-2.427778277E-02,342.68899620480437,8.321363972196814,199,464,1285,7.03
+3.427826262E+02,-2.415908701E-02,342.68259655708255,8.280509734594052,200,464,1285,7.03
+3.427765141E+02,-2.404188737E-02,342.6774543426876,8.240200468601648,201,464,1285,7.03
